id,tipo,categoria,pregunta,respuesta_referencia,fuente,nota
T01,Soporte Tecnico,Sensores,¿Qué sensor usa COODI para medir distancia y evadir obstáculos?,"El sensor HC-SR04 mide distancia mediante ultrasonido; está implementado y se usa para navegación, obstáculos y condicionales.",COODI-KB-BASE §9,
T02,Soporte Tecnico,Sensores,¿Cómo funciona el sensor HC-SR04 en COODI?,El HC-SR04 mide distancia mediante ultrasonido: emite un pulso y calcula la distancia según el tiempo que tarda en volver. El programa puede comparar ese valor con un umbral para detener o modificar el recorrido.,COODI-KB-BASE §9.1,
T03,Soporte Tecnico,Sensores,"Quiero programar a COODI para que se detenga cuando un objeto esté cerca, ¿qué sensor y lógica debo usar?","Usar el sensor HC-SR04 y una condición: si la distancia medida es menor a un umbral definido, detener o modificar el movimiento de los motores.","COODI-KB-BASE §9, §26",
T04,Soporte Tecnico,Sensores,¿Qué tipo de dato entrega el sensor HC-SR04?,"Entrega una medición de distancia (numérica), obtenida mediante ultrasonido.",COODI-KB-BASE §9,
T05,Soporte Tecnico,Casos de uso,"En el caso de uso ""Detección de obstáculos"", ¿qué componentes se usan?","Se usan el sensor HC-SR04, los motores y condicionales de programación para detener o modificar el recorrido del robot.",COODI-KB-BASE §26,
T06,Soporte Tecnico,Actuadores/Motores,¿Cuántos motores tiene COODI y para qué sirven?,COODI tiene 2 motores DC amarillos que permiten el desplazamiento del robot (implementado).,COODI-KB-BASE §9,
T07,Soporte Tecnico,Actuadores/Motores,"¿Qué componente permite que COODI mueva partes específicas de forma angular, aparte de los motores de desplazamiento?","El servomotor SG90, que permite movimiento angular controlado para mecanismos u orientación (implementado/prototipo según configuración).",COODI-KB-BASE §9,
T08,Soporte Tecnico,Actuadores/Motores,¿Qué diferencia hay entre los motores DC y el servomotor SG90 de COODI?,"Los motores DC amarillos desplazan al robot (movimiento continuo), mientras que el servomotor SG90 realiza movimiento angular controlado, útil para mecanismos u orientación de piezas.",COODI-KB-BASE §9,
T09,Soporte Tecnico,Actuadores/Salida,¿Qué actuador usa COODI para emitir sonido?,"El buzzer, que entrega salida sonora para eventos, confirmaciones o retroalimentación (implementado).",COODI-KB-BASE §9,
T10,Soporte Tecnico,Actuadores/Salida,¿Cómo puede COODI dar retroalimentación visual a los estudiantes?,"Mediante el LED RGB o matriz RGB, que entrega salida visual con color o patrones para estados y codificación visual.",COODI-KB-BASE §9,
T11,Soporte Tecnico,Actuadores/Salida,"Quiero que COODI avise con luz cuando complete una misión, ¿qué componente debo usar?","El LED RGB / matriz RGB, usando un color o patrón específico para señalizar el estado de ""misión completada"".",COODI-KB-BASE §9,
T12,Soporte Tecnico,Sensores ambientales,¿Qué sensor debo usar si quiero que los estudiantes midan temperatura y humedad con COODI?,"El sensor DHT22, que mide temperatura y humedad (implementado/prototipo según actividad); se usa en misiones ambientales STEM.",COODI-KB-BASE §9,
T13,Soporte Tecnico,Casos de uso,"En el caso de uso ""Misión ambiental"", ¿qué sensor se utiliza y con qué recurso didáctico se relaciona?",Se usa el sensor DHT22 (temperatura/humedad) y se relaciona con el cuadernillo o narrativa asociada a la misión ambiental.,COODI-KB-BASE §26,
T14,Soporte Tecnico,Sensores,¿Cómo puede COODI recibir comandos o validar una actividad sin usar programación por bloques?,"Mediante el sensor infrarrojo (control IR), que permite recepción de comandos o validación de desafíos (implementado en actividades).",COODI-KB-BASE §9,
T15,Soporte Tecnico,Sensores,¿Qué usa COODI para el control remoto o la validación de desafíos?,El sensor infrarrojo / control IR.,COODI-KB-BASE §9,
T16,Soporte Tecnico,Componentes planificados,¿COODI puede identificar tarjetas automáticamente usando RFID?,"Actualmente no: el RFID está en estado ""planificado"" para identificación automática de tarjetas u objetos, no implementado todavía. Hoy la identificación de tarjetas es manual/visual.","COODI-KB-BASE §9, §27","Pregunta trampa: debe reconocer que NO está disponible, no inventar que sí funciona"
T17,Soporte Tecnico,Componentes planificados,¿Qué sensor usa COODI para medir su orientación y movimiento con una IMU?,"La IMU está en estado ""planificado"" (no implementada) para estimación de movimiento y orientación; no debe presentarse como una capacidad disponible hoy.","COODI-KB-BASE §9, §27",Pregunta trampa: debe reconocer que NO está implementada
T18,Soporte Tecnico,Componentes planificados,¿Puedo usar COODI hoy para hacer actividades de identificación automática de tarjetas con RFID?,"No, el RFID todavía está en fase de planificación, no implementada. Se puede usar el tablero con tarjetas físicas de forma manual mientras tanto.","COODI-KB-BASE §9, §12, §27",Pregunta trampa
T19,Soporte Tecnico,Componentes planificados,¿Qué componentes de COODI todavía están en fase de planificación y no deben presentarse como disponibles?,"RFID (identificación automática de tarjetas/objetos) e IMU (orientación y movimiento) están planificados, no implementados.","COODI-KB-BASE §9, §32",Pregunta trampa / control general de alucinaciones
T20,Soporte Tecnico,Arquitectura,¿Qué microcontrolador usa la versión inicial de COODI?,"Arduino UNO, como unidad de control inicial (implementado).",COODI-KB-BASE §8,
T21,Soporte Tecnico,Arquitectura,¿Qué plataformas se consideran para ampliar la capacidad de procesamiento de COODI?,"ESP32-WROOM-32 y/o Raspberry Pi Zero 2W, como evolución de control (prototipo/planificado según módulo).","COODI-KB-BASE §8, §10.2",
T22,Soporte Tecnico,Arquitectura/Conectividad,¿COODI necesita estar conectado a internet para funcionar?,"No: las actividades fundamentales (robot, tablero, programación) están diseñadas para funcionar de forma local/offline. Algunos servicios complementarios (como asistentes conversacionales o sincronización) sí pueden requerir conectividad, pero no es una dependencia obligatoria.","COODI-KB-BASE §10.4, §30",
T23,Soporte Tecnico,Programación,¿Qué modalidades de programación ofrece COODI?,"Tres: tangible (tarjetas/tablero, sin sintaxis), visual (bloques en app basada en Blockly) y textual (Arduino/C++), representando el mismo algoritmo con distinto nivel de abstracción.",COODI-KB-BASE §11,
T24,Soporte Tecnico,Programación,¿Qué es el tablero de navegación de COODI y de qué tamaño es?,"Es un tablero de 6×6 posiciones con tarjetas de Inicio y Fin, usado para actividades de navegación y resolución de misiones.",COODI-KB-BASE §12.1,
T25,Soporte Tecnico,Programación,"Quiero programar a COODI para que avance y luego gire, usando bloques, ¿qué herramienta debo usar?","El entorno de programación visual con bloques, basado en Blockly, donde se seleccionan bloques de movimiento (por ejemplo ""Avanzar"") y condiciones para construir la secuencia.",COODI-KB-BASE §13,
T26,Soporte Tecnico,Programación,"¿Cómo se llama el generador de código en la programación visual, y qué información debe conservar?","El generador de código de la programación visual (bloques → código/comandos); debe conservar correspondencia explícita entre cada bloque, sus parámetros, el hardware requerido y la versión de firmware compatible.",COODI-KB-BASE §13.2,
T27,Soporte Tecnico,Metodología pedagógica,¿Cuáles son las etapas del modelo pedagógico NDCC?,Narrativa → Desafío → Construcción → Programación colaborativa → Prueba → Reflexión.,COODI-KB-BASE §4,
T28,Soporte Tecnico,Metodología pedagógica,¿Qué habilidades de pensamiento computacional se trabajan con COODI?,"Descomposición, reconocimiento de patrones, abstracción, algoritmos, evaluación y depuración.",COODI-KB-BASE §6,
T29,Soporte Tecnico,Metodología pedagógica,¿Qué rol cumple el error dentro de una actividad con COODI?,"El error se entiende como una oportunidad de depuración: el estudiante debe identificar qué parte de la secuencia, condición o planificación produjo el resultado inesperado y proponer una modificación, no como un fracaso de la actividad.",COODI-KB-BASE §4.1,
T30,Soporte Tecnico,Seguridad/Operación,"Antes de una actividad crítica con COODI, ¿qué revisiones de seguridad debo hacer como docente?","Verificar integridad de piezas impresas y fijaciones, comprobar cableado sin conductores expuestos, revisar batería/alimentación, confirmar que ruedas/motores/servos se mueven sin obstrucciones, y probar los sensores antes de iniciar la actividad.",COODI-KB-BASE §25.1,
C01,Articulacion Curricular,1° Básico - Tecnología (TE01 OA01),"Tengo una clase de 1° básico y quiero trabajar el OA de Tecnología sobre crear diseños representando ideas en dibujos, ¿qué actividad puedo hacer con COODI?","Concepto Clave: TE01 OA01 busca que el estudiante cree diseños de objetos tecnológicos representando sus ideas mediante dibujos. Pasos: 1) Pide a los estudiantes dibujar a mano alzada cómo imaginan la estructura interna y los componentes de COODI antes de usarlo. 2) Compara los dibujos con el robot real. OA vinculado: TE01 OA01, Tecnología, 1° Básico. Verificación: cada estudiante entrega un dibujo con al menos los componentes principales identificados.",Bases Curriculares Mineduc / Tesis Tabla 4,
C02,Articulacion Curricular,1° Básico - Matemática (MA01 OA11),¿Cómo puedo usar COODI para trabajar patrones repetitivos con mis estudiantes de 1° básico?,"Programar con COODI secuencias básicas de movimiento repetitivas (avanzar, girar, retroceder) para que el robot forme un patrón. OA vinculado: MA01 OA11, Matemática, 1° Básico (reconocer, describir, crear y continuar patrones repetitivos).",Bases Curriculares Mineduc / Tesis Tabla 4,
C03,Articulacion Curricular,2° Básico - Ciencias Naturales (CN02 OA09),"Quiero enseñar sobre cambios en los materiales por efecto de la luz en 2° básico usando COODI, ¿qué actividad me recomiendas?","Usar los indicadores LED de COODI para proyectar luz sobre distintos materiales y clasificar cuáles son opacos o translúcidos. OA vinculado: CN02 OA09, Ciencias Naturales, 2° Básico.",Bases Curriculares Mineduc / Tesis Tabla 4,
C04,Articulacion Curricular,2° Básico - Tecnología (TE02 OA02),¿Qué actividad de COODI se vincula con el OA de organizar tareas para elaborar un objeto tecnológico en 2° básico?,"Ensamblar el chasis básico de COODI siguiendo un instructivo visual, reconociendo cada herramienta y pieza usada en el proceso. OA vinculado: TE02 OA02, Tecnología, 2° Básico.",Bases Curriculares Mineduc / Tesis Tabla 4,
C05,Articulacion Curricular,3° Básico - Ciencias Naturales (CN03 OA12),"Necesito explicar rotación y traslación terrestre en 3° básico, ¿COODI me puede servir?","Sí: usar a COODI como modelo físico para simular la traslación y rotación alrededor de un punto de luz central que representa el Sol. OA vinculado: CN03 OA12, Ciencias Naturales, 3° Básico.",Bases Curriculares Mineduc / Tesis Tabla 4,
C06,Articulacion Curricular,3° Básico - Matemática (MA03 OA15),¿Cómo relaciono el hardware de COODI con el objetivo de figuras 3D y 2D de 3° básico Matemática?,"Identificar qué figuras geométricas 3D componen el hardware de COODI y pedir a los estudiantes dibujar sus respectivas vistas en 2D. OA vinculado: MA03 OA15, Matemática, 3° Básico.",Bases Curriculares Mineduc / Tesis Tabla 4,
C07,Articulacion Curricular,4° Básico - Tecnología (TE04 OA01),"Quiero que mis estudiantes de 4° básico diseñen un objeto tecnológico usando material reciclado, vinculado a COODI, ¿qué actividad existe?","Diseñar con material reciclado una carcasa o ""pala"" para COODI que le permita empujar pequeños objetos en el aula. OA vinculado: TE04 OA01, Tecnología, 4° Básico.",Bases Curriculares Mineduc / Tesis Tabla 4,
C08,Articulacion Curricular,4° Básico - Matemática (MA04 OA14),¿Cómo integro ecuaciones de un paso con COODI en 4° básico?,"Calcular mediante una ecuación cuántos centímetros o pasos debe avanzar COODI para llegar a una meta, si ya recorrió una distancia ""X"". OA vinculado: MA04 OA14, Matemática, 4° Básico.",Bases Curriculares Mineduc / Tesis Tabla 4,
C09,Articulacion Curricular,5° Básico - Caso ancla (CN05 OA10 / OA3 Tecnología),¿Cómo conecto el sensor ultrasónico al robot COODI para medir distancias en una actividad de 5° básico?,"Concepto Clave: el HC-SR04 mide distancias mediante pulsos sonoros (ultrasonido). Pasos: 1) Conecta el pin VCC al puerto de 5V de COODI. 2) Conecta GND a tierra. 3) Conecta TRIG al pin digital 9 y ECHO al pin 10. 4) Carga el bloque ""Leer distancia"" desde el entorno de programación. 5) Ajusta el umbral a 20 cm para la actividad. OA vinculado: OA 3, Tecnología, 5° Básico (diseñar y construir objetos tecnológicos con sistemas de control básicos); también relacionado con CN05 OA10 (circuito eléctrico simple). Verificación: el monitor serial debe mostrar valores en centímetros al agitar la mano frente al sensor.","Tesis (Figura 7, caso ancla) + COODI-KB-BASE §9",Pregunta ancla de la tesis; debe reproducir la estructura completa de microaprendizaje
C10,Articulacion Curricular,5° Básico - Ciencias Naturales (CN05 OA10),¿Qué actividad de COODI permite analizar un circuito eléctrico simple en 5° básico?,"Identificar el circuito eléctrico básico de COODI, reconociendo cómo la batería entrega energía a la placa y a los motores. OA vinculado: CN05 OA10, Ciencias Naturales, 5° Básico.",Bases Curriculares Mineduc / Tesis Tabla 4,
C11,Articulacion Curricular,5° Básico - Matemática (MA05 OA17),"¿Cómo trabajo aristas, caras y paralelismo/perpendicularidad con COODI en 5° básico?","Trazar en el suelo rutas con cinta adhesiva que sean paralelas y perpendiculares, y programar a COODI para recorrerlas. OA vinculado: MA05 OA17, Matemática, 5° Básico.",Bases Curriculares Mineduc / Tesis Tabla 4,
C12,Articulacion Curricular,6° Básico - Ciencias Naturales (CN06 OA08),¿Qué actividad de COODI sirve para explicar transformación de energía en 6° básico?,"Analizar la transformación de energía en COODI: cómo la energía química de la batería se transforma en energía cinética (motores) y lumínica (LEDs). OA vinculado: CN06 OA08, Ciencias Naturales, 6° Básico.",Bases Curriculares Mineduc / Tesis Tabla 4,
C13,Articulacion Curricular,6° Básico - Tecnología (TE06 OA03),¿Cómo integro un objetivo de 6° básico sobre modificar un producto tecnológico usando COODI?,"Modificar estructuralmente a COODI integrando un nuevo actuador o sensor para resolver un problema, seleccionando y usando materiales, herramientas y técnicas. OA vinculado: TE06 OA03, Tecnología, 6° Básico.",Bases Curriculares Mineduc / Tesis Tabla 4,
C14,Articulacion Curricular,Cruzada - Tecnología 5°,¿Qué Objetivo de Aprendizaje de Tecnología se vincula con el sensor HC-SR04 en 5° básico?,"OA 3, Tecnología, 5° Básico — diseñar y construir objetos tecnológicos que incluyan sistemas de control básicos.","Tesis (caso ancla, Figura 7)",
C15,Articulacion Curricular,General - Planificación de clase,"Tengo 45 minutos de clase y necesito una actividad rápida vinculada a un OA de Matemática, ¿qué me recomiendas?","Depende del nivel: por ejemplo, en 1° básico programar secuencias repetitivas (MA01 OA11); en 5° básico trazar rutas paralelas/perpendiculares (MA05 OA17). Elegir según el curso y priorizar actividades breves y accionables dentro del tiempo de clase.",Tesis Tabla 4 + sección 5.4.6 (microaprendizaje),
C16,Articulacion Curricular,General - Interdisciplinariedad,¿Qué asignaturas se pueden trabajar de forma interdisciplinaria usando COODI en 1° básico?,"En 1° básico, COODI permite vincular Tecnología (TE01 OA01, diseño mediante dibujos) y Matemática (MA01 OA11, patrones repetitivos).",Bases Curriculares Mineduc / Tesis Tabla 4,
C17,Articulacion Curricular,General - Alcance curricular,¿COODI tiene Objetivos de Aprendizaje propios en las bases curriculares?,"No. La robótica es una actividad extracurricular en Chile y no tiene OA propios; el docente debe identificar qué OA de Tecnología, Matemática o Ciencias Naturales pueden vincularse a cada actividad con COODI.","Tesis, Planteamiento del problema (Sección 2)",
C18,Articulacion Curricular,Límite de alcance,¿Puedo usar COODI para trabajar un OA de 7° básico?,"El corpus curricular indexado por COODIBOT se limita a Educación Básica, específicamente de 1° a 6° básico, para evitar dispersión semántica y maximizar la precisión. No hay información indexada para 7° básico en esta versión del sistema.","Tesis, Delimitación de alcance (5.4.1, 7.1)","Pregunta trampa: debe reconocer el límite de alcance, no inventar contenido de 7° básico"
C19,Articulacion Curricular,Nivel político-estratégico,¿Qué orientaciones del Mineduc debo considerar si quiero trabajar robótica con enfoque de género?,"Las Orientaciones para la Incorporación de la Perspectiva de Género en Proyectos de Robótica Educativa del Mineduc, que buscan promover dinámicas de aula equitativas y mitigar sesgos de género en STEM.",Tesis 5.6.2 (Nivel de Inclusión y Equidad) / Referencias,
C20,Articulacion Curricular,General - Fuentes,¿Qué documentos del Mineduc respaldan el uso de COODI en el aula?,"Las Bases Curriculares (1° a 6° básico, con foco en Tecnología y sus intersecciones con Matemática y Ciencias Naturales), la Ruta Guía Computacional del Mineduc, y las Orientaciones de Ciudadanía Digital, STEM y Género.",Tesis 5.6.2,
