user_input,retrieved_contexts,response,reference,faithfulness,answer_relevancy,context_recall,llm_context_precision_with_reference,id,tipo
¿Qué sensor usa COODI para medir distancia y evadir obstáculos?,"['. ¿Qué sensor utiliza para distancia? El HC -SR04 se utiliza para medir distancia mediante ultrasonido en configuraciones del robot. ¿Qué es NeuroCOODI? Es un componente complementario para evaluación cognitiva escolar e investigación de funciones ejecutivas, con pruebas como Stroop, Trail Making, Wisconsin Card Sorting y N -back. 31. Glosario Término Definición Actuador Componente que produce una acción física o perceptible, como un motor, servo, LED o buzzer. Algoritmo Secuencia ordenada de instrucciones para resolver un problema o realizar una tarea. Blockly Biblioteca para construir interfaces de programación visual basadas en bloques. COODIBOT Componente conversacional del ecosistema COODI. Depuración Proceso de identificar y corregir errores en un programa o solución', '. COODIBOT Componente conversacional del ecosistema COODI. Depuración Proceso de identificar y corregir errores en un programa o solución. Funciones ejecutivas Procesos cognitivos de control como planificación, memoria de trabajo, inhibición y flexibilidad. HC-SR04 Sensor ultrasónico utilizado para medir distancia. IA Inteligencia Artificial; sistemas capaces de realizar tareas como clasificación, predicción o reconocimiento de patrones a partir de reglas o datos. KODARA Propuesta lúdica de Código, Descubrir y Razonar asociada al ecosistema. NDCC Modelo: Narrativa, Desafío, Construcción, Programación colaborativa, Prueba y Reflexión. NeuroCOODI Plataforma complementaria de evaluación cognitiva escolar', 'COODI | Documentación integral para corpus RAG Página 19 ¿COODI utiliza Inteligencia Artificial? El ecosistema incorpora contenidos y líneas de desarrollo vinculadas con IA. Cada función de IA debe documentarse según el módulo y su estado de implementación. ¿COODI reconoce emociones? Los materiales pueden enseñar cómo la IA usa pistas y patrones para estimar estados, pero no debe afirmarse que la máquina comprende emociones como una persona. Cualquier módulo afectivo debe describirse específicamente. ¿Qué sensor utiliza para distancia? El HC -SR04 se utiliza para medir distancia mediante ultrasonido en configuraciones del robot', 'COODI | Documentación integral para corpus RAG Página 8 • Modularidad para agregar sensores o interfaces. • Mantenimiento comprensible para docentes o facilitadores técnicos. 9. Electrónica, sensores y actuadores Componente Función Estado Uso educativo posible HC-SR04 Medición de distancia mediante ultrasonido. Implementado Obstáculos, navegación y condicionales. Motores DC amarillos (2) Desplazamiento del robot. Implementado Secuencias, trayectorias y control de movimiento. Servomotor SG90 Movimiento angular controlado. Implementado/prototipo Mecanismos, orientación o expresividad. Buzzer Salida sonora. Implementado Eventos, confirmación y retroalimentación. LED RGB / matriz RGB Salida visual mediante color o patrones', '. Etapa Propósito Ejemplo con COODI Narrativa Contextualizar la experiencia y generar motivación. COODI debe completar una misión en Marte o resolver una situación ambiental. Desafío Definir el problema o meta a alcanzar. Llegar a una zona del tablero evitando obstáculos. Construcción Preparar materiales, recorrido o componentes requeridos. Ubicar tarjetas, obstáculos, sensores o elementos del escenario. Programación colaborativa Diseñar en equipo la secuencia o algoritmo. Seleccionar movimientos, condiciones o bloques. Prueba Ejecutar el programa y observar el comportamiento. COODI realiza el recorrido. Reflexión Analizar errores, estrategias, aprendizaje y alternativas. Comparar el resultado con la planificación y depurar el algoritmo. 4', 'COODI | Documentación integral para corpus RAG Página 22 Anexo A. Plantilla de metadatos por documento Campo Ejemplo id COODI -07 titulo Sensores y actuadores de COODI categoria hardware subcategoria sensores audiencia docente; estudiante; desarrollador nivel_educativo educacion_basica edad_recomendada 7-12 version 1.0 estado_documento vigente estado_funcional implemented / prototype / planned fecha_actualizacion 2026 -08-25 keywords sensor; ultrasonido; RFID; motores; servo source_type documentacion_oficial Anexo B', 'COODI | Documentación integral para corpus RAG Página 13 18.2 Pruebas consideradas Prueba Variable o proceso de interés Stroop Control inhibitorio, precisión y tiempos de respuesta. Trail Making Secuenciación, atención, velocidad y errores. Wisconsin Card Sorting Flexibilidad cognitiva y cambio de regla. N-back Memoria de trabajo. Alcance. NeuroCOODI debe presentarse como herramienta educativa/investigativa y no como sistema de diagnóstico clínico. 19. COODIBOT COODIBOT es el componente conversacional del ecosistema. Su función puede incluir orientación, respuestas sobre actividades o apoyo a la interacción con recursos educativos. Las implementaciones han considerado un back -end Flask y servicios de modelos de l enguaje. 19', '. Regla conceptual para materiales infantiles. Evitar expresiones que atribuyan comprensión humana al sistema. Es preferible decir “la IA identifica pistas o patrones y estima qué podría estar ocurriendo” en lugar de “la IA sabe cómo se siente una persona”. 7.3 Datos, patrones y sensores COODI puede introducir la idea de que los sensores producen datos y que un algoritmo puede utilizar esos datos para reconocer condiciones o patrones. Esto permite diferenciar percepción, procesamiento y acción. 8. Arquitectura física del robot El diseño de COODI prioriza fabricación accesible, estructura reproducible mediante impresión 3D y componentes electrónicos de bajo costo. El detalle físico puede evolucionar entre versiones, por lo que el RAG debe asociar cada especificación a una versión y estado', '. Patrones e IA Observar pistas y discutir cómo un algoritmo puede identificar regularidades. Material narrativo, sensores o datos de ejemplo. Funciones ejecutivas Planificar, ejecutar, detectar error y cambiar estrategia. NDCC, tablero, robot, instrumentos de observación. Programación progresiva Resolver una misma misión primero con tarjetas, luego bloques y finalmente código. Tres entornos de programación. 27. Limitaciones y alcance • COODI es un ecosistema educativo y de investigación; no reemplaza instrumentos clínicos ni diagnósticos. • La configuración de hardware puede variar entre versiones; las respuestas técnicas deben indicar versión y estado', '. Plantilla de chunk RAG { ""chunk_id"": ""COODI -07-HCSR04-01"", ""document_id"": ""COODI -07"", ""title"": ""Sensores y actuadores de COODI"", ""section"": ""Sensor ultrasónico HC -SR04"", ""category"": ""hardware"", ""audience"": [""docente"", ""desarrollador"", ""estudiante""], ""status"": ""implemented"", ""version"": ""1.0"", ""keywords"": [""HC -SR04"", ""ultrasonido"", ""distancia"", ""obstáculos""], ""content"": ""El sensor HC -SR04 permite estimar la distancia..."" } Anexo C']","- Concepto Clave: El HC-SR04 es un sensor ultrasónico que mide distancia mediante ultrasonido.
- Pasos: 
  1. Conecta el HC-SR04 al robot COODI.
  2. Programa el algoritmo para leer la distancia.
  3. Establece condiciones para evadir obstáculos.
- OA Vinculado: COODI-07, ""Sensores y actuadores de COODI"".
- Verificación: Comprueba que el robot evite obstáculos al medir distancias correctamente con el HC-SR04.","El sensor HC-SR04 mide distancia mediante ultrasonido; está implementado y se usa para navegación, obstáculos y condicionales.",0.5,0.49493243241863777,1.0,0.899999999982,T01,Soporte Tecnico
¿Cómo funciona el sensor HC-SR04 en COODI?,"['. ¿Qué sensor utiliza para distancia? El HC -SR04 se utiliza para medir distancia mediante ultrasonido en configuraciones del robot. ¿Qué es NeuroCOODI? Es un componente complementario para evaluación cognitiva escolar e investigación de funciones ejecutivas, con pruebas como Stroop, Trail Making, Wisconsin Card Sorting y N -back. 31. Glosario Término Definición Actuador Componente que produce una acción física o perceptible, como un motor, servo, LED o buzzer. Algoritmo Secuencia ordenada de instrucciones para resolver un problema o realizar una tarea. Blockly Biblioteca para construir interfaces de programación visual basadas en bloques. COODIBOT Componente conversacional del ecosistema COODI. Depuración Proceso de identificar y corregir errores en un programa o solución', 'COODI | Documentación integral para corpus RAG Página 8 • Modularidad para agregar sensores o interfaces. • Mantenimiento comprensible para docentes o facilitadores técnicos. 9. Electrónica, sensores y actuadores Componente Función Estado Uso educativo posible HC-SR04 Medición de distancia mediante ultrasonido. Implementado Obstáculos, navegación y condicionales. Motores DC amarillos (2) Desplazamiento del robot. Implementado Secuencias, trayectorias y control de movimiento. Servomotor SG90 Movimiento angular controlado. Implementado/prototipo Mecanismos, orientación o expresividad. Buzzer Salida sonora. Implementado Eventos, confirmación y retroalimentación. LED RGB / matriz RGB Salida visual mediante color o patrones', '. Plantilla de chunk RAG { ""chunk_id"": ""COODI -07-HCSR04-01"", ""document_id"": ""COODI -07"", ""title"": ""Sensores y actuadores de COODI"", ""section"": ""Sensor ultrasónico HC -SR04"", ""category"": ""hardware"", ""audience"": [""docente"", ""desarrollador"", ""estudiante""], ""status"": ""implemented"", ""version"": ""1.0"", ""keywords"": [""HC -SR04"", ""ultrasonido"", ""distancia"", ""obstáculos""], ""content"": ""El sensor HC -SR04 permite estimar la distancia..."" } Anexo C', 'COODI | Documentación integral para corpus RAG Página 19 ¿COODI utiliza Inteligencia Artificial? El ecosistema incorpora contenidos y líneas de desarrollo vinculadas con IA. Cada función de IA debe documentarse según el módulo y su estado de implementación. ¿COODI reconoce emociones? Los materiales pueden enseñar cómo la IA usa pistas y patrones para estimar estados, pero no debe afirmarse que la máquina comprende emociones como una persona. Cualquier módulo afectivo debe describirse específicamente. ¿Qué sensor utiliza para distancia? El HC -SR04 se utiliza para medir distancia mediante ultrasonido en configuraciones del robot', 'COODI | Documentación integral para corpus RAG Página 20 32. Ficha maestra de especificaciones Área Especificación consolidada Estado Identidad COODI = COnecta, Observa, Descompone, Innova. Vigente Público Educación básica; foco aproximado 7 –12 años; adaptable 3.º –8.º básico. Vigente Metodología NDCC: Narrativa → Desafío → Construcción → Programación colaborativa → Prueba → Reflexión. Vigente Programación Tangible, visual y textual. Vigente Control inicial Arduino UNO. Implementado Control ampliado ESP32 -WROOM -32 / Raspberry Pi Zero 2W según módulo. Prototipo/planificado Distancia HC-SR04. Implementado Movimiento 2 motores DC y servomotor SG90 según configuración. Implementado/prototipo Salida Buzzer y LED RGB/matriz RGB según versión. Implementado Ambiente DHT22', '. COODIBOT Componente conversacional del ecosistema COODI. Depuración Proceso de identificar y corregir errores en un programa o solución. Funciones ejecutivas Procesos cognitivos de control como planificación, memoria de trabajo, inhibición y flexibilidad. HC-SR04 Sensor ultrasónico utilizado para medir distancia. IA Inteligencia Artificial; sistemas capaces de realizar tareas como clasificación, predicción o reconocimiento de patrones a partir de reglas o datos. KODARA Propuesta lúdica de Código, Descubrir y Razonar asociada al ecosistema. NDCC Modelo: Narrativa, Desafío, Construcción, Programación colaborativa, Prueba y Reflexión. NeuroCOODI Plataforma complementaria de evaluación cognitiva escolar', '. Buzzer Salida sonora. Implementado Eventos, confirmación y retroalimentación. LED RGB / matriz RGB Salida visual mediante color o patrones. Implementado según versión Estados, retroalimentación y codificación visual. DHT22 Temperatura y humedad. Implementado/prototipo según actividad STEM ambiental y adquisición de datos. Sensor infrarrojo / control IR Recepción de comandos o validación. Implementado en actividades Interacción y validación de desafíos. RFID Identificación de tarjetas u objetos. Planificado Programación tangible y reconocimiento de elementos. IMU Movimiento y orientación. Planificado Estimación de movimiento y actividades de física. OLED Visualización local. Limitado en Arduino UNO / sujeto a arquitectura Mensajes o estados del sistema. 9', '. OLED Visualización local. Limitado en Arduino UNO / sujeto a arquitectura Mensajes o estados del sistema. 9.1 Uso de sensores Los sensores deben introducirse pedagógicamente mediante la secuencia “variable física → dato → regla o algoritmo → acción”. Por ejemplo, el HC -SR04 mide una distancia; el programa compara ese valor con un umbral; si el objeto está cerca, COODI puede deten erse o modificar su recorrido. 9.2 Uso de actuadores Motores, servos, LEDs y buzzer son actuadores porque producen una respuesta física o perceptible. Su uso permite que los estudiantes observen inmediatamente el efecto de un algoritmo. 10. Arquitectura computacional y comunicaciones 10', '. 25.3 Mantenimiento • Revisar conectores y tornillos periódicamente. • Limpiar sensores sin productos abrasivos. • Mantener firmware y aplicación asociados a una versión documentada. • Registrar sustituciones de componentes que alteren el comportamiento. 26. Casos de uso Caso Descripción Componentes Navegación en tablero Programar una ruta desde Inicio hasta Fin evitando obstáculos. Robot, tablero 6×6, tarjetas o bloques. Detección de obstáculos Usar distancia para detener o modificar el recorrido. HC-SR04, motores, condicionales. Misión ambiental Medir temperatura/humedad y relacionar datos con una narrativa ambiental. DHT22, robot, cuadernillo. Patrones e IA Observar pistas y discutir cómo un algoritmo puede identificar regularidades. Material narrativo, sensores o datos de ejemplo', 'COODI | Documentación integral para corpus RAG Página 22 Anexo A. Plantilla de metadatos por documento Campo Ejemplo id COODI -07 titulo Sensores y actuadores de COODI categoria hardware subcategoria sensores audiencia docente; estudiante; desarrollador nivel_educativo educacion_basica edad_recomendada 7-12 version 1.0 estado_documento vigente estado_funcional implemented / prototype / planned fecha_actualizacion 2026 -08-25 keywords sensor; ultrasonido; RFID; motores; servo source_type documentacion_oficial Anexo B']","- Concepto Clave: El HC-SR04 es un sensor ultrasónico que mide distancias mediante ondas de ultrasonido.
- Pasos: 1. Conecta el HC-SR04 al robot. 2. Programa el algoritmo para enviar un pulso ultrasónico. 3. Espera la respuesta y calcula la distancia. 4. Usa la distancia para tomar decisiones (detenerse o cambiar de dirección).
- OA Vinculado: COODI -07, ""Sensores y actuadores de COODI"", describe el uso del HC-SR04 para medir distancia.
- Verificación: Comprueba que el robot reaccione adecuadamente al acercarse a un obstáculo, deteniéndose o cambiando de dirección.",El HC-SR04 mide distancia mediante ultrasonido: emite un pulso y calcula la distancia según el tiempo que tarda en volver. El programa puede comparar ese valor con un umbral para detener o modificar el recorrido.,0.5,0.6340315723706785,1.0,0.9704861110989801,T02,Soporte Tecnico
"Quiero programar a COODI para que se detenga cuando un objeto esté cerca, ¿qué sensor y lógica debo usar?","['. ¿Qué sensor utiliza para distancia? El HC -SR04 se utiliza para medir distancia mediante ultrasonido en configuraciones del robot. ¿Qué es NeuroCOODI? Es un componente complementario para evaluación cognitiva escolar e investigación de funciones ejecutivas, con pruebas como Stroop, Trail Making, Wisconsin Card Sorting y N -back. 31. Glosario Término Definición Actuador Componente que produce una acción física o perceptible, como un motor, servo, LED o buzzer. Algoritmo Secuencia ordenada de instrucciones para resolver un problema o realizar una tarea. Blockly Biblioteca para construir interfaces de programación visual basadas en bloques. COODIBOT Componente conversacional del ecosistema COODI. Depuración Proceso de identificar y corregir errores en un programa o solución', '. 25.3 Mantenimiento • Revisar conectores y tornillos periódicamente. • Limpiar sensores sin productos abrasivos. • Mantener firmware y aplicación asociados a una versión documentada. • Registrar sustituciones de componentes que alteren el comportamiento. 26. Casos de uso Caso Descripción Componentes Navegación en tablero Programar una ruta desde Inicio hasta Fin evitando obstáculos. Robot, tablero 6×6, tarjetas o bloques. Detección de obstáculos Usar distancia para detener o modificar el recorrido. HC-SR04, motores, condicionales. Misión ambiental Medir temperatura/humedad y relacionar datos con una narrativa ambiental. DHT22, robot, cuadernillo. Patrones e IA Observar pistas y discutir cómo un algoritmo puede identificar regularidades. Material narrativo, sensores o datos de ejemplo', '. COODIBOT Componente conversacional del ecosistema COODI. Depuración Proceso de identificar y corregir errores en un programa o solución. Funciones ejecutivas Procesos cognitivos de control como planificación, memoria de trabajo, inhibición y flexibilidad. HC-SR04 Sensor ultrasónico utilizado para medir distancia. IA Inteligencia Artificial; sistemas capaces de realizar tareas como clasificación, predicción o reconocimiento de patrones a partir de reglas o datos. KODARA Propuesta lúdica de Código, Descubrir y Razonar asociada al ecosistema. NDCC Modelo: Narrativa, Desafío, Construcción, Programación colaborativa, Prueba y Reflexión. NeuroCOODI Plataforma complementaria de evaluación cognitiva escolar', 'COODI | Documentación integral para corpus RAG Página 8 • Modularidad para agregar sensores o interfaces. • Mantenimiento comprensible para docentes o facilitadores técnicos. 9. Electrónica, sensores y actuadores Componente Función Estado Uso educativo posible HC-SR04 Medición de distancia mediante ultrasonido. Implementado Obstáculos, navegación y condicionales. Motores DC amarillos (2) Desplazamiento del robot. Implementado Secuencias, trayectorias y control de movimiento. Servomotor SG90 Movimiento angular controlado. Implementado/prototipo Mecanismos, orientación o expresividad. Buzzer Salida sonora. Implementado Eventos, confirmación y retroalimentación. LED RGB / matriz RGB Salida visual mediante color o patrones', '. Profundizar en variables, funciones, estructuras y control del hardware. digitalWrite, lectura de sensores, funciones de movimiento. 12. Programación tangible y tablero La programación tangible permite que los estudiantes construyan físicamente una secuencia de instrucciones antes de enviarla o representarla en el robot. Esta modalidad reduce la barrera inicial de la sintaxis y favorece planificación, anticipación y discu sión colaborativa. 12.1 Tablero de navegación • Tablero de 6 × 6 posiciones para actividades de navegación y resolución de misiones. • Tarjetas de Inicio y Fin para delimitar la secuencia. • Tarjetas o comandos para avanzar y girar. • Elementos magnéticos o manipulativos según la actividad. • Validación mediante control infrarrojo en experiencias implementadas', '. Regla conceptual para materiales infantiles. Evitar expresiones que atribuyan comprensión humana al sistema. Es preferible decir “la IA identifica pistas o patrones y estima qué podría estar ocurriendo” en lugar de “la IA sabe cómo se siente una persona”. 7.3 Datos, patrones y sensores COODI puede introducir la idea de que los sensores producen datos y que un algoritmo puede utilizar esos datos para reconocer condiciones o patrones. Esto permite diferenciar percepción, procesamiento y acción. 8. Arquitectura física del robot El diseño de COODI prioriza fabricación accesible, estructura reproducible mediante impresión 3D y componentes electrónicos de bajo costo. El detalle físico puede evolucionar entre versiones, por lo que el RAG debe asociar cada especificación a una versión y estado', '. Buzzer Salida sonora. Implementado Eventos, confirmación y retroalimentación. LED RGB / matriz RGB Salida visual mediante color o patrones. Implementado según versión Estados, retroalimentación y codificación visual. DHT22 Temperatura y humedad. Implementado/prototipo según actividad STEM ambiental y adquisición de datos. Sensor infrarrojo / control IR Recepción de comandos o validación. Implementado en actividades Interacción y validación de desafíos. RFID Identificación de tarjetas u objetos. Planificado Programación tangible y reconocimiento de elementos. IMU Movimiento y orientación. Planificado Estimación de movimiento y actividades de física. OLED Visualización local. Limitado en Arduino UNO / sujeto a arquitectura Mensajes o estados del sistema. 9', '. Patrones e IA Observar pistas y discutir cómo un algoritmo puede identificar regularidades. Material narrativo, sensores o datos de ejemplo. Funciones ejecutivas Planificar, ejecutar, detectar error y cambiar estrategia. NDCC, tablero, robot, instrumentos de observación. Programación progresiva Resolver una misma misión primero con tarjetas, luego bloques y finalmente código. Tres entornos de programación. 27. Limitaciones y alcance • COODI es un ecosistema educativo y de investigación; no reemplaza instrumentos clínicos ni diagnósticos. • La configuración de hardware puede variar entre versiones; las respuestas técnicas deben indicar versión y estado', '. OLED Visualización local. Limitado en Arduino UNO / sujeto a arquitectura Mensajes o estados del sistema. 9.1 Uso de sensores Los sensores deben introducirse pedagógicamente mediante la secuencia “variable física → dato → regla o algoritmo → acción”. Por ejemplo, el HC -SR04 mide una distancia; el programa compara ese valor con un umbral; si el objeto está cerca, COODI puede deten erse o modificar su recorrido. 9.2 Uso de actuadores Motores, servos, LEDs y buzzer son actuadores porque producen una respuesta física o perceptible. Su uso permite que los estudiantes observen inmediatamente el efecto de un algoritmo. 10. Arquitectura computacional y comunicaciones 10', '. Dimensión Componentes principales Función Física Robot COODI, tablero, tarjetas, sensores, actuadores, material manipulativo. Permitir interacción tangible, movimiento, percepción y experimentación. Computacional Firmware, programación por bloques, programación textual, comunicación, servicios complementarios. Ejecutar algoritmos, controlar el robot y apoyar experiencias digitales. Pedagógica Modelo NDCC, cuadernillos, narrativas, desafíos, funciones ejecutivas y evaluación. Dar sentido educativo a la interacción tecnológica. 2.1 Componentes del ecosistema • Robot educativo COODI. • Programación tangible mediante tarjetas o comandos físicos. • Entorno de programación visual basado en bloques. • Programación textual para niveles de mayor complejidad. • Tablero de actividades y navegación']","- Concepto Clave: El sensor HC-SR04 mide distancia mediante ultrasonido para detectar objetos cercanos.
- Pasos: 
  1. Conecta el sensor HC-SR04 al robot COODI.
  2. Programa el robot para leer la distancia del sensor.
  3. Establece una condición: si la distancia es menor a un umbral definido, detén el robot.
- OA Vinculado: OA 9.1 - Uso de sensores: Introducir la secuencia “variable física → dato → regla o algoritmo → acción”.
- Verificación: Observa si el robot se detiene al acercar un objeto al sensor.","Usar el sensor HC-SR04 y una condición: si la distancia medida es menor a un umbral definido, detener o modificar el movimiento de los motores.",0.5,0.4727697033812306,1.0,0.9111111110928889,T03,Soporte Tecnico
¿Qué tipo de dato entrega el sensor HC-SR04?,"['. Plantilla de chunk RAG { ""chunk_id"": ""COODI -07-HCSR04-01"", ""document_id"": ""COODI -07"", ""title"": ""Sensores y actuadores de COODI"", ""section"": ""Sensor ultrasónico HC -SR04"", ""category"": ""hardware"", ""audience"": [""docente"", ""desarrollador"", ""estudiante""], ""status"": ""implemented"", ""version"": ""1.0"", ""keywords"": [""HC -SR04"", ""ultrasonido"", ""distancia"", ""obstáculos""], ""content"": ""El sensor HC -SR04 permite estimar la distancia..."" } Anexo C', '. ¿Qué sensor utiliza para distancia? El HC -SR04 se utiliza para medir distancia mediante ultrasonido en configuraciones del robot. ¿Qué es NeuroCOODI? Es un componente complementario para evaluación cognitiva escolar e investigación de funciones ejecutivas, con pruebas como Stroop, Trail Making, Wisconsin Card Sorting y N -back. 31. Glosario Término Definición Actuador Componente que produce una acción física o perceptible, como un motor, servo, LED o buzzer. Algoritmo Secuencia ordenada de instrucciones para resolver un problema o realizar una tarea. Blockly Biblioteca para construir interfaces de programación visual basadas en bloques. COODIBOT Componente conversacional del ecosistema COODI. Depuración Proceso de identificar y corregir errores en un programa o solución', '. Buzzer Salida sonora. Implementado Eventos, confirmación y retroalimentación. LED RGB / matriz RGB Salida visual mediante color o patrones. Implementado según versión Estados, retroalimentación y codificación visual. DHT22 Temperatura y humedad. Implementado/prototipo según actividad STEM ambiental y adquisición de datos. Sensor infrarrojo / control IR Recepción de comandos o validación. Implementado en actividades Interacción y validación de desafíos. RFID Identificación de tarjetas u objetos. Planificado Programación tangible y reconocimiento de elementos. IMU Movimiento y orientación. Planificado Estimación de movimiento y actividades de física. OLED Visualización local. Limitado en Arduino UNO / sujeto a arquitectura Mensajes o estados del sistema. 9', 'COODI | Documentación integral para corpus RAG Página 8 • Modularidad para agregar sensores o interfaces. • Mantenimiento comprensible para docentes o facilitadores técnicos. 9. Electrónica, sensores y actuadores Componente Función Estado Uso educativo posible HC-SR04 Medición de distancia mediante ultrasonido. Implementado Obstáculos, navegación y condicionales. Motores DC amarillos (2) Desplazamiento del robot. Implementado Secuencias, trayectorias y control de movimiento. Servomotor SG90 Movimiento angular controlado. Implementado/prototipo Mecanismos, orientación o expresividad. Buzzer Salida sonora. Implementado Eventos, confirmación y retroalimentación. LED RGB / matriz RGB Salida visual mediante color o patrones', '. OLED Visualización local. Limitado en Arduino UNO / sujeto a arquitectura Mensajes o estados del sistema. 9.1 Uso de sensores Los sensores deben introducirse pedagógicamente mediante la secuencia “variable física → dato → regla o algoritmo → acción”. Por ejemplo, el HC -SR04 mide una distancia; el programa compara ese valor con un umbral; si el objeto está cerca, COODI puede deten erse o modificar su recorrido. 9.2 Uso de actuadores Motores, servos, LEDs y buzzer son actuadores porque producen una respuesta física o perceptible. Su uso permite que los estudiantes observen inmediatamente el efecto de un algoritmo. 10. Arquitectura computacional y comunicaciones 10', '. 25.3 Mantenimiento • Revisar conectores y tornillos periódicamente. • Limpiar sensores sin productos abrasivos. • Mantener firmware y aplicación asociados a una versión documentada. • Registrar sustituciones de componentes que alteren el comportamiento. 26. Casos de uso Caso Descripción Componentes Navegación en tablero Programar una ruta desde Inicio hasta Fin evitando obstáculos. Robot, tablero 6×6, tarjetas o bloques. Detección de obstáculos Usar distancia para detener o modificar el recorrido. HC-SR04, motores, condicionales. Misión ambiental Medir temperatura/humedad y relacionar datos con una narrativa ambiental. DHT22, robot, cuadernillo. Patrones e IA Observar pistas y discutir cómo un algoritmo puede identificar regularidades. Material narrativo, sensores o datos de ejemplo', 'COODI | Documentación integral para corpus RAG Página 19 ¿COODI utiliza Inteligencia Artificial? El ecosistema incorpora contenidos y líneas de desarrollo vinculadas con IA. Cada función de IA debe documentarse según el módulo y su estado de implementación. ¿COODI reconoce emociones? Los materiales pueden enseñar cómo la IA usa pistas y patrones para estimar estados, pero no debe afirmarse que la máquina comprende emociones como una persona. Cualquier módulo afectivo debe describirse específicamente. ¿Qué sensor utiliza para distancia? El HC -SR04 se utiliza para medir distancia mediante ultrasonido en configuraciones del robot', 'COODI | Documentación integral para corpus RAG Página 20 32. Ficha maestra de especificaciones Área Especificación consolidada Estado Identidad COODI = COnecta, Observa, Descompone, Innova. Vigente Público Educación básica; foco aproximado 7 –12 años; adaptable 3.º –8.º básico. Vigente Metodología NDCC: Narrativa → Desafío → Construcción → Programación colaborativa → Prueba → Reflexión. Vigente Programación Tangible, visual y textual. Vigente Control inicial Arduino UNO. Implementado Control ampliado ESP32 -WROOM -32 / Raspberry Pi Zero 2W según módulo. Prototipo/planificado Distancia HC-SR04. Implementado Movimiento 2 motores DC y servomotor SG90 según configuración. Implementado/prototipo Salida Buzzer y LED RGB/matriz RGB según versión. Implementado Ambiente DHT22', '. COODIBOT Componente conversacional del ecosistema COODI. Depuración Proceso de identificar y corregir errores en un programa o solución. Funciones ejecutivas Procesos cognitivos de control como planificación, memoria de trabajo, inhibición y flexibilidad. HC-SR04 Sensor ultrasónico utilizado para medir distancia. IA Inteligencia Artificial; sistemas capaces de realizar tareas como clasificación, predicción o reconocimiento de patrones a partir de reglas o datos. KODARA Propuesta lúdica de Código, Descubrir y Razonar asociada al ecosistema. NDCC Modelo: Narrativa, Desafío, Construcción, Programación colaborativa, Prueba y Reflexión. NeuroCOODI Plataforma complementaria de evaluación cognitiva escolar', '. Implementado/prototipo Salida Buzzer y LED RGB/matriz RGB según versión. Implementado Ambiente DHT22. Implementado/prototipo IR Control/recepción infrarroja para validación de actividades. Implementado RFID Identificación automática de tarjetas/objetos. Planificado IMU Orientación y movimiento. Planificado Tablero 6 × 6 con Inicio/Fin y comandos de navegación. Implementado en actividades Software visual Angular + Blockly. Prototipo/implementado según versión Texto Arduino/C++. Vigente Evaluación NeuroCOODI: Angular + Node/Express + MySQL; Stroop, Trail Making, Wisconsin, N -back. Prototipo Chatbot COODIBOT con back -end Flask y arquitectura compatible con RAG. Prototipo Conectividad Núcleo educativo offline; servicios complementarios pueden usar red. Principio vigente 33']","- Concepto Clave: El sensor HC-SR04 entrega datos de distancia mediante ultrasonido.
- Pasos: 
  1. Conecta el sensor HC-SR04 al microcontrolador.
  2. Programa el microcontrolador para activar el sensor.
  3. Lee el valor de distancia devuelto por el sensor.
- OA Vinculado: OA 9.1 - Uso de sensores: Introducir la secuencia “variable física → dato → regla o algoritmo → acción”.
- Verificación: Comprueba que el valor de distancia se muestra correctamente en el monitor serial o en la interfaz del programa.","Entrega una medición de distancia (numérica), obtenida mediante ultrasonido.",0.42857142857142855,0.6400914428476525,1.0,0.8597505668811418,T04,Soporte Tecnico
"En el caso de uso ""Detección de obstáculos"", ¿qué componentes se usan?","['. 25.3 Mantenimiento • Revisar conectores y tornillos periódicamente. • Limpiar sensores sin productos abrasivos. • Mantener firmware y aplicación asociados a una versión documentada. • Registrar sustituciones de componentes que alteren el comportamiento. 26. Casos de uso Caso Descripción Componentes Navegación en tablero Programar una ruta desde Inicio hasta Fin evitando obstáculos. Robot, tablero 6×6, tarjetas o bloques. Detección de obstáculos Usar distancia para detener o modificar el recorrido. HC-SR04, motores, condicionales. Misión ambiental Medir temperatura/humedad y relacionar datos con una narrativa ambiental. DHT22, robot, cuadernillo. Patrones e IA Observar pistas y discutir cómo un algoritmo puede identificar regularidades. Material narrativo, sensores o datos de ejemplo', '. Patrones e IA Observar pistas y discutir cómo un algoritmo puede identificar regularidades. Material narrativo, sensores o datos de ejemplo. Funciones ejecutivas Planificar, ejecutar, detectar error y cambiar estrategia. NDCC, tablero, robot, instrumentos de observación. Programación progresiva Resolver una misma misión primero con tarjetas, luego bloques y finalmente código. Tres entornos de programación. 27. Limitaciones y alcance • COODI es un ecosistema educativo y de investigación; no reemplaza instrumentos clínicos ni diagnósticos. • La configuración de hardware puede variar entre versiones; las respuestas técnicas deben indicar versión y estado', '. Su uso permite que los estudiantes observen inmediatamente el efecto de un algoritmo. 10. Arquitectura computacional y comunicaciones 10.1 Arquitectura por niveles Nivel Responsabilidad Control embebido Lectura de sensores, control de motores, servos, LEDs y buzzer. Programación del usuario Representación del algoritmo mediante tarjetas, bloques o código. Comunicación Transferencia de comandos o sincronización entre módulos cuando corresponde. Aplicaciones complementarias Interfaces educativas, evaluación, chatbot y almacenamiento de resultados.', '. ¿Qué sensor utiliza para distancia? El HC -SR04 se utiliza para medir distancia mediante ultrasonido en configuraciones del robot. ¿Qué es NeuroCOODI? Es un componente complementario para evaluación cognitiva escolar e investigación de funciones ejecutivas, con pruebas como Stroop, Trail Making, Wisconsin Card Sorting y N -back. 31. Glosario Término Definición Actuador Componente que produce una acción física o perceptible, como un motor, servo, LED o buzzer. Algoritmo Secuencia ordenada de instrucciones para resolver un problema o realizar una tarea. Blockly Biblioteca para construir interfaces de programación visual basadas en bloques. COODIBOT Componente conversacional del ecosistema COODI. Depuración Proceso de identificar y corregir errores en un programa o solución', '. Buzzer Salida sonora. Implementado Eventos, confirmación y retroalimentación. LED RGB / matriz RGB Salida visual mediante color o patrones. Implementado según versión Estados, retroalimentación y codificación visual. DHT22 Temperatura y humedad. Implementado/prototipo según actividad STEM ambiental y adquisición de datos. Sensor infrarrojo / control IR Recepción de comandos o validación. Implementado en actividades Interacción y validación de desafíos. RFID Identificación de tarjetas u objetos. Planificado Programación tangible y reconocimiento de elementos. IMU Movimiento y orientación. Planificado Estimación de movimiento y actividades de física. OLED Visualización local. Limitado en Arduino UNO / sujeto a arquitectura Mensajes o estados del sistema. 9', '. Dimensión Componentes principales Función Física Robot COODI, tablero, tarjetas, sensores, actuadores, material manipulativo. Permitir interacción tangible, movimiento, percepción y experimentación. Computacional Firmware, programación por bloques, programación textual, comunicación, servicios complementarios. Ejecutar algoritmos, controlar el robot y apoyar experiencias digitales. Pedagógica Modelo NDCC, cuadernillos, narrativas, desafíos, funciones ejecutivas y evaluación. Dar sentido educativo a la interacción tecnológica. 2.1 Componentes del ecosistema • Robot educativo COODI. • Programación tangible mediante tarjetas o comandos físicos. • Entorno de programación visual basado en bloques. • Programación textual para niveles de mayor complejidad. • Tablero de actividades y navegación', 'COODI | Documentación integral para corpus RAG Página 8 • Modularidad para agregar sensores o interfaces. • Mantenimiento comprensible para docentes o facilitadores técnicos. 9. Electrónica, sensores y actuadores Componente Función Estado Uso educativo posible HC-SR04 Medición de distancia mediante ultrasonido. Implementado Obstáculos, navegación y condicionales. Motores DC amarillos (2) Desplazamiento del robot. Implementado Secuencias, trayectorias y control de movimiento. Servomotor SG90 Movimiento angular controlado. Implementado/prototipo Mecanismos, orientación o expresividad. Buzzer Salida sonora. Implementado Eventos, confirmación y retroalimentación. LED RGB / matriz RGB Salida visual mediante color o patrones', '. Regla conceptual para materiales infantiles. Evitar expresiones que atribuyan comprensión humana al sistema. Es preferible decir “la IA identifica pistas o patrones y estima qué podría estar ocurriendo” en lugar de “la IA sabe cómo se siente una persona”. 7.3 Datos, patrones y sensores COODI puede introducir la idea de que los sensores producen datos y que un algoritmo puede utilizar esos datos para reconocer condiciones o patrones. Esto permite diferenciar percepción, procesamiento y acción. 8. Arquitectura física del robot El diseño de COODI prioriza fabricación accesible, estructura reproducible mediante impresión 3D y componentes electrónicos de bajo costo. El detalle físico puede evolucionar entre versiones, por lo que el RAG debe asociar cada especificación a una versión y estado', '. COODIBOT Componente conversacional del ecosistema COODI. Depuración Proceso de identificar y corregir errores en un programa o solución. Funciones ejecutivas Procesos cognitivos de control como planificación, memoria de trabajo, inhibición y flexibilidad. HC-SR04 Sensor ultrasónico utilizado para medir distancia. IA Inteligencia Artificial; sistemas capaces de realizar tareas como clasificación, predicción o reconocimiento de patrones a partir de reglas o datos. KODARA Propuesta lúdica de Código, Descubrir y Razonar asociada al ecosistema. NDCC Modelo: Narrativa, Desafío, Construcción, Programación colaborativa, Prueba y Reflexión. NeuroCOODI Plataforma complementaria de evaluación cognitiva escolar', '. OLED Visualización local. Limitado en Arduino UNO / sujeto a arquitectura Mensajes o estados del sistema. 9.1 Uso de sensores Los sensores deben introducirse pedagógicamente mediante la secuencia “variable física → dato → regla o algoritmo → acción”. Por ejemplo, el HC -SR04 mide una distancia; el programa compara ese valor con un umbral; si el objeto está cerca, COODI puede deten erse o modificar su recorrido. 9.2 Uso de actuadores Motores, servos, LEDs y buzzer son actuadores porque producen una respuesta física o perceptible. Su uso permite que los estudiantes observen inmediatamente el efecto de un algoritmo. 10. Arquitectura computacional y comunicaciones 10']","- Concepto Clave: (Detección de obstáculos es un proceso que utiliza sensores para identificar y reaccionar ante objetos en el camino del robot).
- Pasos: 1. Conecta el sensor HC-SR04 al robot. 2. Programa el robot para medir la distancia. 3. Establece condiciones para detener o modificar el recorrido si se detecta un obstáculo.
- OA Vinculado: (OA 26. Detección de obstáculos: Usar distancia para detener o modificar el recorrido).
- Verificación: (Comprueba que el robot se detenga o cambie de dirección al acercarse a un obstáculo).","Se usan el sensor HC-SR04, los motores y condicionales de programación para detener o modificar el recorrido del robot.",0.5,0.5376850440448757,1.0,0.788492063478922,T05,Soporte Tecnico
